date,new_cases,new_deaths,new_tests,year,month,day,weekday,total_cases,total_deaths,total_tests,location,continent,population,life_expectancy,hospital_beds_per_thousand,gdp_per_capita,cases_per_Mill,deaths_per_Mill,tests_per_Mill
2019-12-31,0.0,0.0,,2019,12,31,1,0.0,0.0,,Italy,Europe,60461828.0,83.51,3.18,35220.084,0.0,0.0,
2020-01-01,0.0,0.0,,2020,1,1,2,0.0,0.0,,Italy,Europe,60461828.0,83.51,3.18,35220.084,0.0,0.0,
2020-01-02,0.0,0.0,,2020,1,2,3,0.0,0.0,,Italy,Europe,60461828.0,83.51,3.18,35220.084,0.0,0.0,
2020-01-03,0.0,0.0,,2020,1,3,4,0.0,0.0,,Italy,Europe,60461828.0,83.51,3.18,35220.084,0.0,0.0,
2020-01-04,0.0,0.0,,2020,1,4,5,0.0,0.0,,Italy,Europe,60461828.0,83.51,3.18,35220.084,0.0,0.0,
2020-01-05,0.0,0.0,,2020,1,5,6,0.0,0.0,,Italy,Europe,60461828.0,83.51,3.18,35220.084,0.0,0.0,
2020-01-06,0.0,0.0,,2020,1,6,0,0.0,0.0,,Italy,Europe,60461828.0,83.51,3.18,35220.084,0.0,0.0,
2020-01-07,0.0,0.0,,2020,1,7,1,0.0,0.0,,Italy,Europe,60461828.0,83.51,3.18,35220.084,0.0,0.0,
2020-01-08,0.0,0.0,,2020,1,8,2,0.0,0.0,,Italy,Europe,60461828.0,83.51,3.18,35220.084,0.0,0.0,
2020-01-09,0.0,0.0,,2020,1,9,3,0.0,0.0,,Italy,Europe,60461828.0,83.51,3.18,35220.084,0.0,0.0,
2020-01-10,0.0,0.0,,2020,1,10,4,0.0,0.0,,Italy,Europe,60461828.0,83.51,3.18,35220.084,0.0,0.0,
2020-01-11,0.0,0.0,,2020,1,11,5,0.0,0.0,,Italy,Europe,60461828.0,83.51,3.18,35220.084,0.0,0.0,
2020-01-12,0.0,0.0,,2020,1,12,6,0.0,0.0,,Italy,Europe,60461828.0,83.51,3.18,35220.084,0.0,0.0,
2020-01-13,0.0,0.0,,2020,1,13,0,0.0,0.0,,Italy,Europe,60461828.0,83.51,3.18,35220.084,0.0,0.0,
2020-01-14,0.0,0.0,,2020,1,14,1,0.0,0.0,,Italy,Europe,60461828.0,83.51,3.18,35220.084,0.0,0.0,
2020-01-15,0.0,0.0,,2020,1,15,2,0.0,0.0,,Italy,Europe,60461828.0,83.51,3.18,35220.084,0.0,0.0,
2020-01-16,0.0,0.0,,2020,1,16,3,0.0,0.0,,Italy,Europe,60461828.0,83.51,3.18,35220.084,0.0,0.0,
2020-01-17,0.0,0.0,,2020,1,17,4,0.0,0.0,,Italy,Europe,60461828.0,83.51,3.18,35220.084,0.0,0.0,
2020-01-18,0.0,0.0,,2020,1,18,5,0.0,0.0,,Italy,Europe,60461828.0,83.51,3.18,35220.084,0.0,0.0,
2020-01-19,0.0,0.0,,2020,1,19,6,0.0,0.0,,Italy,Europe,60461828.0,83.51,3.18,35220.084,0.0,0.0,
2020-01-20,0.0,0.0,,2020,1,20,0,0.0,0.0,,Italy,Europe,60461828.0,83.51,3.18,35220.084,0.0,0.0,
2020-01-21,0.0,0.0,,2020,1,21,1,0.0,0.0,,Italy,Europe,60461828.0,83.51,3.18,35220.084,0.0,0.0,
2020-01-22,0.0,0.0,,2020,1,22,2,0.0,0.0,,Italy,Europe,60461828.0,83.51,3.18,35220.084,0.0,0.0,
2020-01-23,0.0,0.0,,2020,1,23,3,0.0,0.0,,Italy,Europe,60461828.0,83.51,3.18,35220.084,0.0,0.0,
2020-01-24,0.0,0.0,,2020,1,24,4,0.0,0.0,,Italy,Europe,60461828.0,83.51,3.18,35220.084,0.0,0.0,
2020-01-25,0.0,0.0,,2020,1,25,5,0.0,0.0,,Italy,Europe,60461828.0,83.51,3.18,35220.084,0.0,0.0,
2020-01-26,0.0,0.0,,2020,1,26,6,0.0,0.0,,Italy,Europe,60461828.0,83.51,3.18,35220.084,0.0,0.0,
2020-01-27,0.0,0.0,,2020,1,27,0,0.0,0.0,,Italy,Europe,60461828.0,83.51,3.18,35220.084,0.0,0.0,
2020-01-28,0.0,0.0,,2020,1,28,1,0.0,0.0,,Italy,Europe,60461828.0,83.51,3.18,35220.084,0.0,0.0,
2020-01-29,0.0,0.0,,2020,1,29,2,0.0,0.0,,Italy,Europe,60461828.0,83.51,3.18,35220.084,0.0,0.0,
2020-01-30,0.0,0.0,,2020,1,30,3,0.0,0.0,,Italy,Europe,60461828.0,83.51,3.18,35220.084,0.0,0.0,
2020-01-31,3.0,0.0,,2020,1,31,4,3.0,0.0,,Italy,Europe,60461828.0,83.51,3.18,35220.084,0.04961808299940915,0.0,
2020-02-01,0.0,0.0,,2020,2,1,5,3.0,0.0,,Italy,Europe,60461828.0,83.51,3.18,35220.084,0.04961808299940915,0.0,
2020-02-02,0.0,0.0,,2020,2,2,6,3.0,0.0,,Italy,Europe,60461828.0,83.51,3.18,35220.084,0.04961808299940915,0.0,
2020-02-03,0.0,0.0,,2020,2,3,0,3.0,0.0,,Italy,Europe,60461828.0,83.51,3.18,35220.084,0.04961808299940915,0.0,
2020-02-04,0.0,0.0,,2020,2,4,1,3.0,0.0,,Italy,Europe,60461828.0,83.51,3.18,35220.084,0.04961808299940915,0.0,
2020-02-05,0.0,0.0,,2020,2,5,2,3.0,0.0,,Italy,Europe,60461828.0,83.51,3.18,35220.084,0.04961808299940915,0.0,
2020-02-06,0.0,0.0,,2020,2,6,3,3.0,0.0,,Italy,Europe,60461828.0,83.51,3.18,35220.084,0.04961808299940915,0.0,
2020-02-07,0.0,0.0,,2020,2,7,4,3.0,0.0,,Italy,Europe,60461828.0,83.51,3.18,35220.084,0.04961808299940915,0.0,
2020-02-08,0.0,0.0,,2020,2,8,5,3.0,0.0,,Italy,Europe,60461828.0,83.51,3.18,35220.084,0.04961808299940915,0.0,
2020-02-09,0.0,0.0,,2020,2,9,6,3.0,0.0,,Italy,Europe,60461828.0,83.51,3.18,35220.084,0.04961808299940915,0.0,
2020-02-10,0.0,0.0,,2020,2,10,0,3.0,0.0,,Italy,Europe,60461828.0,83.51,3.18,35220.084,0.04961808299940915,0.0,
2020-02-11,0.0,0.0,,2020,2,11,1,3.0,0.0,,Italy,Europe,60461828.0,83.51,3.18,35220.084,0.04961808299940915,0.0,
2020-02-12,0.0,0.0,,2020,2,12,2,3.0,0.0,,Italy,Europe,60461828.0,83.51,3.18,35220.084,0.04961808299940915,0.0,
2020-02-13,0.0,0.0,,2020,2,13,3,3.0,0.0,,Italy,Europe,60461828.0,83.51,3.18,35220.084,0.04961808299940915,0.0,
2020-02-14,0.0,0.0,,2020,2,14,4,3.0,0.0,,Italy,Europe,60461828.0,83.51,3.18,35220.084,0.04961808299940915,0.0,
2020-02-15,0.0,0.0,,2020,2,15,5,3.0,0.0,,Italy,Europe,60461828.0,83.51,3.18,35220.084,0.04961808299940915,0.0,
2020-02-16,0.0,0.0,,2020,2,16,6,3.0,0.0,,Italy,Europe,60461828.0,83.51,3.18,35220.084,0.04961808299940915,0.0,
2020-02-17,0.0,0.0,,2020,2,17,0,3.0,0.0,,Italy,Europe,60461828.0,83.51,3.18,35220.084,0.04961808299940915,0.0,
2020-02-18,0.0,0.0,,2020,2,18,1,3.0,0.0,,Italy,Europe,60461828.0,83.51,3.18,35220.084,0.04961808299940915,0.0,
2020-02-19,0.0,0.0,,2020,2,19,2,3.0,0.0,,Italy,Europe,60461828.0,83.51,3.18,35220.084,0.04961808299940915,0.0,
2020-02-20,0.0,0.0,,2020,2,20,3,3.0,0.0,,Italy,Europe,60461828.0,83.51,3.18,35220.084,0.04961808299940915,0.0,
2020-02-21,0.0,0.0,,2020,2,21,4,3.0,0.0,,Italy,Europe,60461828.0,83.51,3.18,35220.084,0.04961808299940915,0.0,
2020-02-22,14.0,0.0,,2020,2,22,5,17.0,0.0,,Italy,Europe,60461828.0,83.51,3.18,35220.084,0.28116913699665186,0.0,
2020-02-23,62.0,2.0,,2020,2,23,6,79.0,2.0,,Italy,Europe,60461828.0,83.51,3.18,35220.084,1.3066095189844409,0.0330787219996061,
2020-02-24,53.0,0.0,,2020,2,24,0,132.0,2.0,,Italy,Europe,60461828.0,83.51,3.18,35220.084,2.1831956519740023,0.0330787219996061,
2020-02-25,97.0,4.0,,2020,2,25,1,229.0,6.0,,Italy,Europe,60461828.0,83.51,3.18,35220.084,3.7875136689548983,0.0992361659988183,
2020-02-26,93.0,5.0,,2020,2,26,2,322.0,11.0,,Italy,Europe,60461828.0,83.51,3.18,35220.084,5.325674241936582,0.18193297099783354,
2020-02-27,78.0,1.0,,2020,2,27,3,400.0,12.0,,Italy,Europe,60461828.0,83.51,3.18,35220.084,6.61574439992122,0.1984723319976366,
2020-02-28,250.0,5.0,,2020,2,28,4,650.0,17.0,,Italy,Europe,60461828.0,83.51,3.18,35220.084,10.750584649871982,0.28116913699665186,
2020-02-29,238.0,4.0,,2020,2,29,5,888.0,21.0,,Italy,Europe,60461828.0,83.51,3.18,35220.084,14.686952567825108,0.34732658099586405,
2020-03-01,240.0,8.0,,2020,3,1,6,1128.0,29.0,,Italy,Europe,60461828.0,83.51,3.18,35220.084,18.656399207777838,0.47964146899428844,
2020-03-02,561.0,6.0,,2020,3,2,0,1689.0,35.0,,Italy,Europe,60461828.0,83.51,3.18,35220.084,27.93498072866735,0.5788776349931067,
2020-03-03,347.0,17.0,,2020,3,3,1,2036.0,52.0,,Italy,Europe,60461828.0,83.51,3.18,35220.084,33.67413899559901,0.8600467719897585,
2020-03-04,466.0,28.0,,2020,3,4,2,2502.0,80.0,,Italy,Europe,60461828.0,83.51,3.18,35220.084,41.38148122150723,1.323148879984244,
2020-03-05,587.0,27.0,,2020,3,5,3,3089.0,107.0,,Italy,Europe,60461828.0,83.51,3.18,35220.084,51.09008612839162,1.7697116269789264,
2020-03-06,769.0,41.0,,2020,3,6,4,3858.0,148.0,,Italy,Europe,60461828.0,83.51,3.18,35220.084,63.80885473724016,2.447825427970851,
2020-03-07,778.0,49.0,,2020,3,7,5,4636.0,197.0,,Italy,Europe,60461828.0,83.51,3.18,35220.084,76.67647759508694,3.2582541169612007,
2020-03-08,1247.0,36.0,,2020,3,8,6,5883.0,233.0,,Italy,Europe,60461828.0,83.51,3.18,35220.084,97.30106076184134,3.8536711129541104,
2020-03-09,1492.0,133.0,,2020,3,9,0,7375.0,366.0,,Italy,Europe,60461828.0,83.51,3.18,35220.084,121.97778737354749,6.053406125927916,
2020-03-10,1797.0,98.0,,2020,3,10,1,9172.0,464.0,,Italy,Europe,60461828.0,83.51,3.18,35220.084,151.69901909019356,7.674263503908615,
2020-03-11,977.0,167.0,,2020,3,11,2,10149.0,631.0,,Italy,Europe,60461828.0,83.51,3.18,35220.084,167.85797478700115,10.436336790875725,
2020-03-12,2313.0,196.0,,2020,3,12,3,12462.0,827.0,,Italy,Europe,60461828.0,83.51,3.18,35220.084,206.1135167795456,13.678051546837121,
2020-03-13,2651.0,189.0,,2020,3,13,4,15113.0,1016.0,,Italy,Europe,60461828.0,83.51,3.18,35220.084,249.95936279002348,16.8039907757999,
2020-03-14,2547.0,252.0,,2020,3,14,5,17660.0,1268.0,,Italy,Europe,60461828.0,83.51,3.18,35220.084,292.0851152565219,20.971909747750267,
2020-03-15,3497.0,173.0,,2020,3,15,6,21157.0,1441.0,,Italy,Europe,60461828.0,83.51,3.18,35220.084,349.9232606728331,23.833219200716194,
2020-03-16,2823.0,370.0,,2020,3,16,0,23980.0,1811.0,,Italy,Europe,60461828.0,83.51,3.18,35220.084,396.6138767752771,29.95278277064332,
2020-03-17,4000.0,347.0,,2020,3,17,1,27980.0,2158.0,,Italy,Europe,60461828.0,83.51,3.18,35220.084,462.7713207744893,35.69194103757498,
2020-03-18,3526.0,347.0,,2020,3,18,2,31506.0,2505.0,,Italy,Europe,60461828.0,83.51,3.18,35220.084,521.0891076597949,41.43109930450664,
2020-03-19,4207.0,473.0,,2020,3,19,3,35713.0,2978.0,,Italy,Europe,60461828.0,83.51,3.18,35220.084,590.6701993859663,49.254217057413484,
2020-03-20,5322.0,429.0,,2020,3,20,4,41035.0,3407.0,,Italy,Europe,60461828.0,83.51,3.18,35220.084,678.6926786269181,56.34960292632899,
2020-03-21,5986.0,625.0,,2020,3,21,5,47021.0,4032.0,,Italy,Europe,60461828.0,83.51,3.18,35220.084,777.6972935717392,66.6867035512059,
2020-03-22,6557.0,795.0,,2020,3,22,6,53578.0,4827.0,,Italy,Europe,60461828.0,83.51,3.18,35220.084,886.1458836474478,79.83549554604932,
2020-03-23,5560.0,649.0,,2020,3,23,0,59138.0,5476.0,,Italy,Europe,60461828.0,83.51,3.18,35220.084,978.1047308063527,90.5695408349215,
2020-03-24,4789.0,601.0,,2020,3,24,1,63927.0,6077.0,,Italy,Europe,60461828.0,83.51,3.18,35220.084,1057.3117306344095,100.50969679580314,
2020-03-25,5249.0,743.0,,2020,3,25,2,69176.0,6820.0,,Italy,Europe,60461828.0,83.51,3.18,35220.084,1144.1268365223757,112.7984420186568,
2020-03-26,5210.0,685.0,,2020,3,26,3,74386.0,7505.0,,Italy,Europe,60461828.0,83.51,3.18,35220.084,1230.2969073313495,124.12790430352189,
2020-03-27,6153.0,660.0,,2020,3,27,4,80539.0,8165.0,,Italy,Europe,60461828.0,83.51,3.18,35220.084,1332.0635955631378,135.0438825633919,
2020-03-28,5959.0,971.0,,2020,3,28,5,86498.0,9136.0,,Italy,Europe,60461828.0,83.51,3.18,35220.084,1430.6216477609642,151.10360209420065,
2020-03-29,5974.0,887.0,,2020,3,29,6,92472.0,10023.0,,Italy,Europe,60461828.0,83.51,3.18,35220.084,1529.4277903737875,165.77401530102597,
2020-03-30,5217.0,758.0,,2020,3,30,0,97689.0,10781.0,,Italy,Europe,60461828.0,83.51,3.18,35220.084,1615.71363670976,178.31085093887668,
2020-03-31,4050.0,810.0,,2020,3,31,1,101739.0,11591.0,,Italy,Europe,60461828.0,83.51,3.18,35220.084,1682.6980487589624,191.70773334871714,
2020-04-01,4053.0,839.0,,2020,4,1,2,105792.0,12430.0,,Italy,Europe,60461828.0,83.51,3.18,35220.084,1749.7320788911643,205.58425722755192,
2020-04-02,4782.0,727.0,,2020,4,2,3,110574.0,13157.0,,Italy,Europe,60461828.0,83.51,3.18,35220.084,1828.8233031922223,217.6083726744087,
2020-04-03,4668.0,760.0,,2020,4,3,4,115242.0,13917.0,,Italy,Europe,60461828.0,83.51,3.18,35220.084,1906.029040339303,230.17828703425903,
2020-04-04,4585.0,764.0,,2020,4,4,5,119827.0,14681.0,,Italy,Europe,60461828.0,83.51,3.18,35220.084,1981.8620105234,242.81435883810857,
2020-04-05,4805.0,681.0,,2020,4,5,6,124632.0,15362.0,,Italy,Europe,60461828.0,83.51,3.18,35220.084,2061.3336401274537,254.07766367897443,
2020-04-06,4316.0,527.0,,2020,4,6,0,128948.0,15889.0,,Italy,Europe,60461828.0,83.51,3.18,35220.084,2132.7175222026035,262.79390692587066,
2020-04-07,3599.0,636.0,,2020,4,7,1,132547.0,16525.0,,Italy,Europe,60461828.0,83.51,3.18,35220.084,2192.242682440895,273.3129405217454,
2020-04-08,3039.0,604.0,,2020,4,8,2,135586.0,17129.0,,Italy,Europe,60461828.0,83.51,3.18,35220.084,2242.5058005192964,283.30271456562645,
2020-04-09,3836.0,540.0,,2020,4,9,3,139422.0,17669.0,,Italy,Europe,60461828.0,83.51,3.18,35220.084,2305.9507893145405,292.23396950552007,
2020-04-10,4204.0,612.0,,2020,4,10,4,143626.0,18281.0,,Italy,Europe,60461828.0,83.51,3.18,35220.084,2375.482262957713,302.35605843739955,
2020-04-11,3951.0,570.0,,2020,4,11,5,147577.0,18851.0,,Italy,Europe,60461828.0,83.51,3.18,35220.084,2440.8292782679346,311.7834942072873,
2020-04-12,4694.0,619.0,,2020,4,12,6,152271.0,19470.0,,Italy,Europe,60461828.0,83.51,3.18,35220.084,2518.46503880101,322.0213586661654,
2020-04-13,4092.0,431.0,,2020,4,13,0,156363.0,19901.0,,Italy,Europe,60461828.0,83.51,3.18,35220.084,2586.144104012204,329.14982325708047,
2020-04-14,3153.0,564.0,,2020,4,14,1,159516.0,20465.0,,Italy,Europe,60461828.0,83.51,3.18,35220.084,2638.2927092445834,338.4780228609694,
2020-04-15,2972.0,604.0,,2020,4,15,2,162488.0,21069.0,,Italy,Europe,60461828.0,83.51,3.18,35220.084,2687.447690135998,348.46779690485045,
2020-04-16,2667.0,578.0,,2020,4,16,3,165155.0,21647.0,,Italy,Europe,60461828.0,83.51,3.18,35220.084,2731.5581659224727,358.02754756273663,
2020-04-17,3786.0,525.0,,2020,4,17,4,168941.0,22172.0,,Italy,Europe,60461828.0,83.51,3.18,35220.084,2794.176186667727,366.7107120876332,
2020-04-18,3493.0,575.0,,2020,4,18,5,172434.0,22747.0,,Italy,Europe,60461828.0,83.51,3.18,35220.084,2851.948174640039,376.22084466251994,
2020-04-19,3491.0,480.0,,2020,4,19,6,175925.0,23227.0,,Italy,Europe,60461828.0,83.51,3.18,35220.084,2909.6870838903515,384.1597379424254,
2020-04-20,3047.0,433.0,7841.0,2020,4,20,0,178972.0,23660.0,7841.0,Italy,Europe,60461828.0,83.51,3.18,35220.084,2960.082516856751,391.3212812553401,129.6851295994557
2020-04-21,2256.0,454.0,28095.0,2020,4,21,1,181228.0,24114.0,35936.0,Italy,Europe,60461828.0,83.51,3.18,35220.084,2997.395315272307,398.83015114925075,594.3584768889224
2020-04-22,2729.0,534.0,44248.0,2020,4,22,2,183957.0,24648.0,80184.0,Italy,Europe,60461828.0,83.51,3.18,35220.084,3042.5312314407697,407.66216992314554,1326.1921224082078
2020-04-23,3370.0,437.0,37083.0,2020,4,23,3,187327.0,25085.0,117267.0,Italy,Europe,60461828.0,83.51,3.18,35220.084,3098.2688780101057,414.8898706800595,1939.521246363904
2020-04-24,2646.0,464.0,95273.0,2020,4,24,4,189973.0,25549.0,212540.0,Italy,Europe,60461828.0,83.51,3.18,35220.084,3142.0320272155845,422.5641341839681,3515.2757868981403
2020-04-25,3021.0,420.0,38676.0,2020,4,25,5,192994.0,25969.0,251216.0,Italy,Europe,60461828.0,83.51,3.18,35220.084,3191.99743679599,429.5106658038854,4154.952112926523
2020-04-26,2357.0,415.0,24113.0,2020,4,26,6,195351.0,26384.0,275329.0,Italy,Europe,60461828.0,83.51,3.18,35220.084,3230.9807106725257,436.37450061880367,4553.765724714774
2020-04-27,2324.0,260.0,26678.0,2020,4,27,0,197675.0,26644.0,302007.0,Italy,Europe,60461828.0,83.51,3.18,35220.084,3269.418185636068,440.67473447875244,4995.0027974675195
2020-04-28,1739.0,333.0,37554.0,2020,4,28,1,199414.0,26977.0,339561.0,Italy,Europe,60461828.0,83.51,3.18,35220.084,3298.180134414725,446.1823416916869,5616.121960454123
2020-04-29,2091.0,382.0,38589.0,2020,4,29,2,201505.0,27359.0,378150.0,Italy,Europe,60461828.0,83.51,3.18,35220.084,3332.7639382653133,452.50037759361163,6254.359362075523
2020-04-30,2086.0,323.0,41441.0,2020,4,30,3,203591.0,27682.0,419591.0,Italy,Europe,60461828.0,83.51,3.18,35220.084,3367.2650453109027,457.842591196548,6939.7670212683615
2020-05-01,1872.0,285.0,43732.0,2020,5,1,4,205463.0,27967.0,463323.0,Italy,Europe,60461828.0,83.51,3.18,35220.084,3398.226729102534,462.55630908149186,7663.066356511748
2020-05-02,1965.0,269.0,31231.0,2020,5,2,5,207428.0,28236.0,494554.0,Italy,Europe,60461828.0,83.51,3.18,35220.084,3430.726573467147,467.0053971904389,8179.607139896597
2020-05-03,1900.0,474.0,27047.0,2020,5,3,6,209328.0,28710.0,521601.0,Italy,Europe,60461828.0,83.51,3.18,35220.084,3462.151359366773,474.8450543043455,8626.94723685827
2020-05-04,1389.0,174.0,22999.0,2020,5,4,0,210717.0,28884.0,544600.0,Italy,Europe,60461828.0,83.51,3.18,35220.084,3485.124531795499,477.72290311831125,9007.33600049274
2020-05-05,1221.0,195.0,32211.0,2020,5,5,1,211938.0,29079.0,576811.0,Italy,Europe,60461828.0,83.51,3.18,35220.084,3505.319091576259,480.9480785132729,9540.085357657397
2020-05-06,1075.0,236.0,37771.0,2020,5,6,2,213013.0,29315.0,614582.0,Italy,Europe,60461828.0,83.51,3.18,35220.084,3523.0989046510467,484.8513677092264,10164.793561980958
2020-05-07,1444.0,369.0,13665.0,2020,5,7,3,214457.0,29684.0,628247.0,Italy,Europe,60461828.0,83.51,3.18,35220.084,3546.9817419347623,490.9543919181537,10390.803930043267
2020-05-08,1401.0,274.0,45428.0,2020,5,8,4,215858.0,29958.0,673675.0,Italy,Europe,60461828.0,83.51,3.18,35220.084,3570.1533866954865,495.4861768320998,11142.15402154232
2020-05-09,1327.0,243.0,36091.0,2020,5,9,5,217185.0,30201.0,709766.0,Italy,Europe,60461828.0,83.51,3.18,35220.084,3592.1011187422255,499.5052415550519,11739.076099386211
2020-05-10,1083.0,194.0,31384.0,2020,5,10,6,218268.0,30395.0,741150.0,Italy,Europe,60461828.0,83.51,3.18,35220.084,3610.013246705012,502.7138775890137,12258.14740500403
2020-05-11,802.0,165.0,25823.0,2020,5,11,0,219070.0,30560.0,766973.0,Italy,Europe,60461828.0,83.51,3.18,35220.084,3623.277814226854,505.44287215398117,12685.243324101944
2020-05-12,744.0,179.0,39620.0,2020,5,12,1,219814.0,30739.0,806593.0,Italy,Europe,60461828.0,83.51,3.18,35220.084,3635.5830988107073,508.40341777294594,13340.532806914141
2020-05-13,1402.0,172.0,37049.0,2020,5,13,2,221216.0,30911.0,843642.0,Italy,Europe,60461828.0,83.51,3.18,35220.084,3658.7712829324314,511.24818786491204,13953.299592595844
2020-05-14,888.0,195.0,41131.0,2020,5,14,3,222104.0,31106.0,884773.0,Italy,Europe,60461828.0,83.51,3.18,35220.084,3673.4582355002563,514.4733632598736,14633.580049878743
2020-05-15,992.0,262.0,39027.0,2020,5,15,4,223096.0,31368.0,923800.0,Italy,Europe,60461828.0,83.51,3.18,35220.084,3689.865281612061,518.8066758418221,15279.061691618057
2020-05-16,789.0,242.0,40657.0,2020,5,16,5,223885.0,31610.0,964457.0,Italy,Europe,60461828.0,83.51,3.18,35220.084,3702.9148374409056,522.8092012037744,15951.502491787049
2020-05-17,875.0,153.0,33505.0,2020,5,17,6,224760.0,31763.0,997962.0,Italy,Europe,60461828.0,83.51,3.18,35220.084,3717.3867783157334,525.3397234367443,16505.65378208545
2020-05-18,675.0,145.0,26101.0,2020,5,18,0,225435.0,31908.0,1024063.0,Italy,Europe,60461828.0,83.51,3.18,35220.084,3728.5508469906003,527.7379307817157,16937.34764354131
2020-05-19,451.0,99.0,40226.0,2020,5,19,1,225886.0,32007.0,1064289.0,Italy,Europe,60461828.0,83.51,3.18,35220.084,3736.0100988015115,529.3753275206961,17602.659979119388
2020-05-20,813.0,162.0,38617.0,2020,5,20,2,226699.0,32169.0,1102906.0,Italy,Europe,60461828.0,83.51,3.18,35220.084,3749.4565992943517,532.0547040026643,18241.36048284878
2020-05-21,665.0,161.0,40644.0,2020,5,21,3,227364.0,32330.0,1143550.0,Italy,Europe,60461828.0,83.51,3.18,35220.084,3760.4552743592203,534.7175411236326,18913.586271324777
2020-05-22,642.0,156.0,42987.0,2020,5,22,4,228006.0,32486.0,1186537.0,Italy,Europe,60461828.0,83.51,3.18,35220.084,3771.073544121094,537.2976814396019,19624.56378262331
2020-05-23,652.0,130.0,42579.0,2020,5,23,5,228658.0,32616.0,1229116.0,Italy,Europe,60461828.0,83.51,3.18,35220.084,3781.8572074929657,539.4477983695763,20328.793234633926
2020-05-24,669.0,119.0,34206.0,2020,5,24,6,229327.0,32735.0,1263322.0,Italy,Europe,60461828.0,83.51,3.18,35220.084,3792.922040001834,541.4159823285528,20894.538616993188
2020-05-25,531.0,50.0,20676.0,2020,5,25,0,229858.0,32785.0,1283998.0,Italy,Europe,60461828.0,83.51,3.18,35220.084,3801.7044406927293,542.242950378543,21236.506445025116
2020-05-26,300.0,92.0,33944.0,2020,5,26,1,230158.0,32877.0,1317942.0,Italy,Europe,60461828.0,83.51,3.18,35220.084,3806.6662489926703,543.7645715905248,21797.91851480243
2020-05-27,397.0,78.0,37299.0,2020,5,27,2,230555.0,32955.0,1355241.0,Italy,Europe,60461828.0,83.51,3.18,35220.084,3813.232375309592,545.0546417485095,22414.820140734086
2020-05-28,584.0,117.0,39838.0,2020,5,28,3,231139.0,33072.0,1395079.0,Italy,Europe,60461828.0,83.51,3.18,35220.084,3822.891362133477,546.9897469854865,23073.71520424424
2020-05-29,593.0,70.0,38233.0,2020,5,29,4,231732.0,33142.0,1433312.0,Italy,Europe,60461828.0,83.51,3.18,35220.084,3832.6992032063604,548.1475022554727,23706.064593349707
2020-05-30,516.0,87.0,36051.0,2020,5,30,5,232248.0,33229.0,1469363.0,Italy,Europe,60461828.0,83.51,3.18,35220.084,3841.233513482259,549.5864266624556,24302.325096753608
2020-05-31,416.0,111.0,28948.0,2020,5,31,6,232664.0,33340.0,1498311.0,Italy,Europe,60461828.0,83.51,3.18,35220.084,3848.1138876581767,551.4222957334337,24781.106518975907
2020-06-01,355.0,75.0,18053.0,2020,6,1,0,233019.0,33415.0,1516364.0,Italy,Europe,60461828.0,83.51,3.18,35220.084,3853.9853608131066,552.6627478084189,25079.69160310535
2020-06-02,178.0,60.0,25628.0,2020,6,2,1,233197.0,33475.0,1541992.0,Italy,Europe,60461828.0,83.51,3.18,35220.084,3856.9293670710717,553.6551094684071,25503.562346808303
2020-06-03,318.0,55.0,20035.0,2020,6,3,2,233515.0,33530.0,1562027.0,Italy,Europe,60461828.0,83.51,3.18,35220.084,3862.1888838690093,554.5647743233963,25834.928444439356
2020-06-04,321.0,71.0,27451.0,2020,6,4,3,233836.0,33601.0,1589478.0,Italy,Europe,60461828.0,83.51,3.18,35220.084,3867.498018749946,555.7390689543822,26288.95044324495
2020-06-05,177.0,88.0,40470.0,2020,6,5,4,234013.0,33689.0,1629948.0,Italy,Europe,60461828.0,83.51,3.18,35220.084,3870.425485646911,557.1945327223649,26958.29838290698
2020-06-06,518.0,85.0,34036.0,2020,6,6,5,234531.0,33774.0,1663984.0,Italy,Europe,60461828.0,83.51,3.18,35220.084,3878.992874644809,558.6003784073482,27521.232073896277
2020-06-07,270.0,72.0,27894.0,2020,6,7,6,234801.0,33846.0,1691878.0,Italy,Europe,60461828.0,83.51,3.18,35220.084,3883.458502114756,559.791212399334,27982.581009624784
2020-06-08,197.0,53.0,16301.0,2020,6,8,0,234998.0,33899.0,1708179.0,Italy,Europe,60461828.0,83.51,3.18,35220.084,3886.7167562317168,560.6677985323236,28252.189133282573
2020-06-09,280.0,65.0,32200.0,2020,6,9,1,235278.0,33964.0,1740379.0,Italy,Europe,60461828.0,83.51,3.18,35220.084,3891.347777311662,561.7428569973108,28784.75655747623
2020-06-10,283.0,79.0,37865.0,2020,6,10,2,235561.0,34043.0,1778244.0,Italy,Europe,60461828.0,83.51,3.18,35220.084,3896.0284164746063,563.0494665162952,29411.019461733773
2020-06-11,202.0,71.0,32991.0,2020,6,11,3,235763.0,34114.0,1811235.0,Italy,Europe,60461828.0,83.51,3.18,35220.084,3899.3693673965663,564.2237611472813,29956.669520478277
2020-06-12,379.0,53.0,37651.0,2020,6,12,4,236142.0,34167.0,1848886.0,Italy,Europe,60461828.0,83.51,3.18,35220.084,3905.6377852154915,565.1003472802707,30579.39300148186
2020-06-13,163.0,56.0,32880.0,2020,6,13,5,236305.0,34223.0,1881766.0,Italy,Europe,60461828.0,83.51,3.18,35220.084,3908.3337010584596,566.0265514962598,31123.207191155383
2020-06-14,346.0,78.0,29545.0,2020,6,14,6,236651.0,34301.0,1911311.0,Italy,Europe,60461828.0,83.51,3.18,35220.084,3914.0563199643916,567.3166216542444,31611.862611894565
2020-06-15,338.0,44.0,17463.0,2020,6,15,0,236989.0,34345.0,1928774.0,Italy,Europe,60461828.0,83.51,3.18,35220.084,3919.646623982325,568.0443535382358,31900.689473034126
2020-06-16,301.0,26.0,27762.0,2020,6,16,1,237290.0,34371.0,1956536.0,Italy,Europe,60461828.0,83.51,3.18,35220.084,3924.624971643266,568.4743769242306,32359.85521311066
2020-06-17,210.0,34.0,33957.0,2020,6,17,2,237500.0,34405.0,1990493.0,Italy,Europe,60461828.0,83.51,3.18,35220.084,3928.098237453224,569.0367151982239,32921.48229458097
2020-06-18,328.0,43.0,32921.0,2020,6,18,3,237828.0,34448.0,2023414.0,Italy,Europe,60461828.0,83.51,3.18,35220.084,3933.5231478611595,569.7479077212155,33465.97459805549
2020-06-19,331.0,66.0,28570.0,2020,6,19,4,238159.0,34514.0,2051984.0,Italy,Europe,60461828.0,83.51,3.18,35220.084,3938.9976763520945,570.8395055472024,33938.50414181986
2020-06-20,297.5,47.0,29875.0,2020,6,20,5,238456.5,34561.0,2081859.0,Italy,Europe,60461828.0,83.51,3.18,35220.084,3943.918136249536,571.6168555141932,34432.61755168898
2020-06-21,264.0,49.0,24581.0,2020,6,21,6,238720.5,34610.0,2106440.0,Italy,Europe,60461828.0,83.51,3.18,35220.084,3948.2845275534837,572.4272842031835,34839.17158442514
2020-06-22,224.0,24.0,16152.0,2020,6,22,0,238944.5,34634.0,2122592.0,Italy,Europe,60461828.0,83.51,3.18,35220.084,3951.9893444174395,572.8242288671788,35106.31534329395
2020-06-23,221.0,23.0,23225.0,2020,6,23,1,239165.5,34657.0,2145817.0,Italy,Europe,60461828.0,83.51,3.18,35220.084,3955.644543198396,573.2046341701742,35490.44200251438
2020-06-24,113.0,18.0,30237.0,2020,6,24,2,239278.5,34675.0,2176054.0,Italy,Europe,60461828.0,83.51,3.18,35220.084,3957.513490991374,573.5023426681707,35990.542661065425
2020-06-25,577.0,-31.0,29421.0,2020,6,25,3,239855.5,34644.0,2205475.0,Italy,Europe,60461828.0,83.51,3.18,35220.084,3967.05670228826,572.9896224771768,36477.14720104063
2020-06-26,296.0,34.0,28331.0,2020,6,26,4,240151.5,34678.0,2233806.0,Italy,Europe,60461828.0,83.51,3.18,35220.084,3971.952353144202,573.5519607511701,36945.72383752605
2020-06-27,255.0,30.0,29721.0,2020,6,27,5,240406.5,34708.0,2263527.0,Italy,Europe,60461828.0,83.51,3.18,35220.084,3976.1698901991517,574.0481415811643,37437.2901858012
2020-06-28,175.0,8.0,21183.0,2020,6,28,6,240581.5,34716.0,2284710.0,Italy,Europe,60461828.0,83.51,3.18,35220.084,3979.0642783741173,574.1804564691627,37787.64346986003
2020-06-29,174.0,22.0,15484.0,2020,6,29,0,240755.5,34738.0,2300194.0,Italy,Europe,60461828.0,83.51,3.18,35220.084,3981.942127188083,574.5443224111583,38043.73893558097
2020-06-30,126.0,6.0,28471.0,2020,6,30,1,240881.5,34744.0,2328665.0,Italy,Europe,60461828.0,83.51,3.18,35220.084,3984.026086674058,574.6435585771571,38514.63108260637
2020-07-01,142.0,23.0,29325.0,2020,7,1,2,241023.5,34767.0,2357990.0,Italy,Europe,60461828.0,83.51,3.18,35220.084,3986.37467593603,575.0239638801526,38999.647843925595
2020-07-02,182.0,21.0,29147.0,2020,7,2,3,241205.5,34788.0,2387137.0,Italy,Europe,60461828.0,83.51,3.18,35220.084,3989.3848396379944,575.3712904611485,39481.72059898685
2020-07-03,201.0,30.0,25680.0,2020,7,3,4,241406.5,34818.0,2412817.0,Italy,Europe,60461828.0,83.51,3.18,35220.084,3992.709251198955,575.8674712911426,39906.45138946179
2020-07-04,223.0,15.0,28946.0,2020,7,4,5,241629.5,34833.0,2441763.0,Italy,Europe,60461828.0,83.51,3.18,35220.084,3996.3975287019107,576.1155617061396,40385.19973296209
2020-07-05,235.0,21.0,21166.0,2020,7,5,6,241864.5,34854.0,2462929.0,Italy,Europe,60461828.0,83.51,3.18,35220.084,4000.284278536865,576.4628882871355,40735.27184788392
2020-07-06,192.0,7.0,13771.0,2020,7,6,0,242056.5,34861.0,2476700.0,Italy,Europe,60461828.0,83.51,3.18,35220.084,4003.459835848827,576.5786638141341,40963.035388212214
2020-07-07,208.0,8.0,22490.0,2020,7,7,1,242264.5,34869.0,2499190.0,Italy,Europe,60461828.0,83.51,3.18,35220.084,4006.9000229367857,576.7109787021325,41335.005617097784
2020-07-08,137.0,30.0,28679.0,2020,7,8,2,242401.5,34899.0,2527869.0,Italy,Europe,60461828.0,83.51,3.18,35220.084,4009.165915393759,577.2071595321266,41809.337951211135
2020-07-09,193.0,15.0,29947.0,2020,7,9,3,242594.5,34914.0,2557816.0,Italy,Europe,60461828.0,83.51,3.18,35220.084,4012.3580120667207,577.4552499471237,42304.642195072236
2020-07-10,214.0,12.0,27251.0,2020,7,10,4,242808.5,34926.0,2585067.0,Italy,Europe,60461828.0,83.51,3.18,35220.084,4015.8974353206786,577.6537222791213,42755.35632167787
2020-07-11,276.0,12.0,25449.0,2020,7,11,5,243084.5,34938.0,2610516.0,Italy,Europe,60461828.0,83.51,3.18,35220.084,4020.462298956624,577.852194611119,43176.266519761855
2020-07-12,188.0,7.0,23061.0,2020,7,12,6,243272.5,34945.0,2633577.0,Italy,Europe,60461828.0,83.51,3.18,35220.084,4023.571698824587,577.9679701381176,43557.680723778314
2020-07-13,234.0,9.0,14006.0,2020,7,13,0,243506.5,34954.0,2647583.0,Italy,Europe,60461828.0,83.51,3.18,35220.084,4027.4419092985413,578.1168243871158,43789.331013941555
2020-07-14,169.0,13.0,24222.0,2020,7,14,1,243675.5,34967.0,2671805.0,Italy,Europe,60461828.0,83.51,3.18,35220.084,4030.237061307508,578.3318360801132,44189.94741607879
2020-07-15,114.0,17.0,28392.0,2020,7,15,2,243789.5,34984.0,2700197.0,Italy,Europe,60461828.0,83.51,3.18,35220.084,4032.1225484614856,578.6130052171098,44659.53295358519
2020-07-16,162.0,13.0,28089.0,2020,7,16,3,243951.5,34997.0,2728286.0,Italy,Europe,60461828.0,83.51,3.18,35220.084,4034.8019249434537,578.8280169101073,45124.10706470866
2020-07-17,230.0,20.0,28661.0,2020,7,17,4,244181.5,35017.0,2756947.0,Italy,Europe,60461828.0,83.51,3.18,35220.084,4038.6059779734082,579.1588041301034,45598.14169032402
2020-07-18,231.0,11.0,27569.0,2020,7,18,5,244412.5,35028.0,2784516.0,Italy,Europe,60461828.0,83.51,3.18,35220.084,4042.4265703643628,579.3407371011012,46054.11533372759
2020-07-19,249.0,14.0,20621.0,2020,7,19,6,244661.5,35042.0,2805137.0,Italy,Europe,60461828.0,83.51,3.18,35220.084,4046.544871253314,579.5722881550985,46395.17349690453
2020-07-20,218.0,3.0,14121.0,2020,7,20,0,244879.5,35045.0,2819258.0,Italy,Europe,60461828.0,83.51,3.18,35220.084,4050.150451951271,579.6219062380978,46628.72581358274
2020-07-21,190.0,13.0,23915.0,2020,7,21,1,245069.5,35058.0,2843173.0,Italy,Europe,60461828.0,83.51,3.18,35220.084,4053.2929305412335,579.8369179310953,47024.264631893035
2020-07-22,128.0,15.0,29288.0,2020,7,22,2,245197.5,35073.0,2872461.0,Italy,Europe,60461828.0,83.51,3.18,35220.084,4055.409968749208,580.0850083460923,47508.66943685526
2020-07-23,280.0,9.0,33018.0,2020,7,23,3,245477.5,35082.0,2905479.0,Italy,Europe,60461828.0,83.51,3.18,35220.084,4060.040989829153,580.2338625950906,48054.766058346766
2020-07-24,306.0,10.0,28970.0,2020,7,24,4,245783.5,35092.0,2934449.0,Italy,Europe,60461828.0,83.51,3.18,35220.084,4065.102034295093,580.3992562050886,48533.91134651106
2020-07-25,252.0,5.0,28059.0,2020,7,25,5,246035.5,35097.0,2962508.0,Italy,Europe,60461828.0,83.51,3.18,35220.084,4069.269953267043,580.4819530100876,48997.98927680453
2020-07-26,274.0,5.0,25177.0,2020,7,26,6,246309.5,35102.0,2987685.0,Italy,Europe,60461828.0,83.51,3.18,35220.084,4073.801738180989,580.5646498150867,49414.40076869657
2020-07-27,254.0,5.0,19374.0,2020,7,27,0,246563.5,35107.0,3007059.0,Italy,Europe,60461828.0,83.51,3.18,35220.084,4078.002735874939,580.6473466200856,49734.834348706754
2020-07-28,168.0,5.0,25341.0,2020,7,28,1,246731.5,35112.0,3032400.0,Italy,Europe,60461828.0,83.51,3.18,35220.084,4080.7813485229062,580.7300434250847,50153.95829580277
2020-07-29,202.0,11.0,30875.0,2020,7,29,2,246933.5,35123.0,3063275.0,Italy,Europe,60461828.0,83.51,3.18,35220.084,4084.1222994448663,580.9119763960825,50664.611066671685
2020-07-30,288.0,6.0,33396.0,2020,7,30,3,247221.5,35129.0,3096671.0,Italy,Europe,60461828.0,83.51,3.18,35220.084,4088.8856354128097,581.0112125620814,51216.95956662111
2020-07-31,382.0,3.0,29686.0,2020,7,31,4,247603.5,35132.0,3126357.0,Italy,Europe,60461828.0,83.51,3.18,35220.084,4095.2036713147345,581.0608306450807,51707.94703726126
2020-08-01,379.0,9.0,31905.0,2020,8,1,5,247982.5,35141.0,3158262.0,Italy,Europe,60461828.0,83.51,3.18,35220.084,4101.47208913366,581.2096848940789,52235.63534995998
2020-08-02,295.0,5.0,24496.0,2020,8,2,6,248277.5,35146.0,3182758.0,Italy,Europe,60461828.0,83.51,3.18,35220.084,4106.351200628602,581.292381699078,52640.78353701116
2020-08-03,238.0,8.0,13467.0,2020,8,3,0,248515.5,35154.0,3196225.0,Italy,Europe,60461828.0,83.51,3.18,35220.084,4110.287568546555,581.4246965870764,52863.5191115955
2020-08-04,159.0,12.0,23491.0,2020,8,4,1,248674.5,35166.0,3219716.0,Italy,Europe,60461828.0,83.51,3.18,35220.084,4112.917326945523,581.623168919074,53252.04524084187
2020-08-05,190.0,5.0,29739.0,2020,8,5,2,248864.5,35171.0,3249455.0,Italy,Europe,60461828.0,83.51,3.18,35220.084,4116.059805535486,581.7058657240731,53743.90929761502
2020-08-06,384.0,10.0,32169.0,2020,8,6,3,249248.5,35181.0,3281624.0,Italy,Europe,60461828.0,83.51,3.18,35220.084,4122.41092015941,581.871259334071,54275.964001617685
2020-08-07,401.0,6.0,30392.0,2020,8,7,4,249649.5,35187.0,3312016.0,Italy,Europe,60461828.0,83.51,3.18,35220.084,4129.0432039203315,581.9704955000699,54778.6282611237
2020-08-08,552.0,3.0,26631.0,2020,8,8,5,250201.5,35190.0,3338647.0,Italy,Europe,60461828.0,83.51,3.18,35220.084,4138.172931192223,582.0201135830694,55219.08798390945
2020-08-09,347.0,13.0,22773.0,2020,8,9,6,250548.5,35203.0,3361420.0,Italy,Europe,60461828.0,83.51,3.18,35220.084,4143.912089459154,582.2351252760667,55595.73885195797
2020-08-10,463.0,2.0,10904.0,2020,8,10,0,251011.5,35205.0,3372324.0,Italy,Europe,60461828.0,83.51,3.18,35220.084,4151.569813602063,582.2682039980664,55776.084044299816
2020-08-11,259.0,4.0,22063.0,2020,8,11,1,251270.5,35209.0,3394387.0,Italy,Europe,60461828.0,83.51,3.18,35220.084,4155.853508101012,582.3343614420655,56140.99196603848
2020-08-12,412.0,6.0,27330.0,2020,8,12,2,251682.5,35215.0,3421717.0,Italy,Europe,60461828.0,83.51,3.18,35220.084,4162.667724832931,582.4335976080644,56593.01270216309
2020-08-13,476.0,10.0,25629.0,2020,8,13,3,252158.5,35225.0,3447346.0,Italy,Europe,60461828.0,83.51,3.18,35220.084,4170.540460668837,582.5989912180625,57016.89998522704
2020-08-14,522.0,6.0,24868.0,2020,8,14,4,252680.5,35231.0,3472214.0,Italy,Europe,60461828.0,83.51,3.18,35220.084,4179.174007110734,582.6982273840613,57428.20081457015
2020-08-15,574.0,3.0,25937.0,2020,8,15,5,253254.5,35234.0,3498151.0,Italy,Europe,60461828.0,83.51,3.18,35220.084,4188.667600324621,582.7478454670606,57857.18222082204
2020-08-16,629.0,158.0,22470.0,2020,8,16,6,253883.5,35392.0,3520621.0,Italy,Europe,60461828.0,83.51,3.18,35220.084,4199.0708583934975,585.3610645050295,58228.82166248761
2020-08-17,477.0,4.0,21379.0,2020,8,17,0,254360.5,35396.0,3542000.0,Italy,Europe,60461828.0,83.51,3.18,35220.084,4206.9601335904035,585.4272219490288,58582.4166613024
2020-08-18,320.0,4.0,32687.0,2020,8,18,1,254680.5,35400.0,3574687.0,Italy,Europe,60461828.0,83.51,3.18,35220.084,4212.252729110341,585.4933793930279,59123.038754302965
2020-08-19,401.0,5.0,41290.0,2020,8,19,2,255081.5,35405.0,3615977.0,Italy,Europe,60461828.0,83.51,3.18,35220.084,4218.885012871261,585.576076198027,59805.94896998483
2020-08-20,642.0,7.0,49662.0,2020,8,20,3,255723.5,35412.0,3665639.0,Italy,Europe,60461828.0,83.51,3.18,35220.084,4229.503282633135,585.6918517250256,60627.32671595705
2020-08-21,840.0,6.0,44943.0,2020,8,21,4,256563.5,35418.0,3710582.0,Italy,Europe,60461828.0,83.51,3.18,35220.084,4243.3963458729695,585.7910878910244,61370.6552173712
2020-08-22,947.0,9.0,46613.0,2020,8,22,5,257510.5,35427.0,3757195.0,Italy,Europe,60461828.0,83.51,3.18,35220.084,4259.059120739783,585.9399421400226,62141.60445165502
2020-08-23,1071.0,3.0,47463.0,2020,8,23,6,258581.5,35430.0,3804658.0,Italy,Europe,60461828.0,83.51,3.18,35220.084,4276.7727763705725,585.9895602230221,62926.61214278867
2020-08-24,1209.0,7.0,33358.0,2020,8,24,0,259790.5,35437.0,3838016.0,Italy,Europe,60461828.0,83.51,3.18,35220.084,4296.768863819334,586.1053357500207,63478.3321470201
2020-08-25,953.0,4.0,45798.0,2020,8,25,1,260743.5,35441.0,3883814.0,Italy,Europe,60461828.0,83.51,3.18,35220.084,4312.530874852147,586.1714931940198,64235.80180208908
2020-08-26,876.0,4.0,58054.0,2020,8,26,2,261619.5,35445.0,3941868.0,Italy,Europe,60461828.0,83.51,3.18,35220.084,4327.019355087974,586.2376506380191,65195.97786557164
2020-08-27,1366.0,13.0,57640.0,2020,8,27,3,262985.5,35458.0,3999508.0,Italy,Europe,60461828.0,83.51,3.18,35220.084,4349.612122213704,586.4526623310165,66149.3066336003
2020-08-28,1409.0,5.0,65135.0,2020,8,28,4,264394.5,35463.0,4064643.0,Italy,Europe,60461828.0,83.51,3.18,35220.084,4372.916081862428,586.5353591360156,67226.59791232247
2020-08-29,1460.0,9.0,64294.0,2020,8,29,5,265854.5,35472.0,4128937.0,Italy,Europe,60461828.0,83.51,3.18,35220.084,4397.0635489221395,586.6842133850138,68289.9795884438
2020-08-30,1444.0,1.0,53541.0,2020,8,30,6,267298.5,35473.0,4182478.0,Italy,Europe,60461828.0,83.51,3.18,35220.084,4420.946386205856,586.7007527460136,69175.51351573426
2020-08-31,1365.0,4.0,42583.0,2020,8,31,0,268663.5,35477.0,4225061.0,Italy,Europe,60461828.0,83.51,3.18,35220.084,4443.5226139705865,586.7669101900128,69879.80912518887
2020-09-01,996.0,6.0,54395.0,2020,9,1,1,269659.5,35483.0,4279456.0,Italy,Europe,60461828.0,83.51,3.18,35220.084,4459.99581752639,586.8661463560117,70779.46766677315
2020-09-02,975.0,8.0,,2020,9,2,2,270634.5,35491.0,,Italy,Europe,60461828.0,83.51,3.18,35220.084,4476.121694501198,586.9984612440101,
2020-09-03,1326.0,6.0,,2020,9,3,3,271960.5,35497.0,,Italy,Europe,60461828.0,83.51,3.18,35220.084,4498.052887186937,587.0976974100089,
